{
    "1": [
        0.08941919908606757,
        0.3253996787672348,
        -0.3019334777526955,
        -0.45716168303236787,
        -2.001208251234792,
        -0.19713485074899698,
        -0.8515461558941535,
        -0.9356345561236515,
        0.6590372943740544,
        -2.2459274310033543,
        1.1841022219077368,
        0.10742273610085902,
        0.5265485686261544,
        0.22705216620204366,
        -0.1507596608536147,
        -1.1652764930587216
    ],
    "2": [
        1.7302070467330732,
        0.3282908219283296,
        0.41075009092618625,
        -0.22259125422143028,
        -0.3808832524317844,
        0.22758157466567425,
        -0.011419998289413405,
        0.12920680861641642,
        1.3166817826576105,
        -1.386165382380359,
        2.3230103997924836,
        -0.32539862327487645,
        0.5179842697834418,
        1.340060738991435,
        -1.1611292976590435,
        -0.2043133678053377
    ],
    "3": [
        -1.6247858149835102,
        -0.4137848219640543,
        -3.566155974497764,
        -1.0488206449020692,
        0.4702916428567824,
        -0.6780338046835134,
        0.35722805129385693,
        -1.5278296624551462,
        1.2640334994244713,
        -0.9529186409667548
    ]
}